algo_tag,algo,FND,HND,LND,func_life_pdr85,drop_p,total_p,pdr,drop_rate,timely_transfer_rate,energy_rate,energy_per_delivered,throughput_bits_per_round,avg_ch_per_round,avg_cluster_size,avg_hops_to_bs,malicious_delay,malicious_drop,blacklisted_malicious,blacklisted_normal,false_blacklist_events,control_overhead_bits,rounds_run,seed
SHEER-2025,SHEER-2025,1277,1293,8863,300,22523,90225,0.750368523136603,0.24963147686339704,0.8901066438214529,0.8284304735669091,0.0007382330104765875,30554.89112038813,1.8085298431682275,3.3408227355028655,1.0,2731,13545,26,0,0,38889400,8863,42
ACTAR-2024,ACTAR-2024,803,980,7460,300,22533,88687,0.7459266859855447,0.2540733140144553,0.8978595398615352,0.821991193270513,0.0007554843797982629,35471.31367292225,1.8168900804289545,3.542731025304754,1.639160141488043,2320,16953,20,0,0,37847600,7460,42
TFSM-DPC-2024,TFSM-DPC-2024,696,1160,5853,300,21033,83807,0.7490305105778754,0.2509694894221246,0.8912925733583967,0.8260352035466118,0.0007961145114432559,42900.392960874764,2.249615581752947,3.9615316239019975,1.7712110109280912,1905,15603,23,0,0,36180200,5853,42
DST-WOA-2024,DST-WOA-2024,832,1474,5867,300,23108,91214,0.7466616966693709,0.2533383033306291,0.9123131588993627,0.8331957861439645,0.00073378886345957,46433.270836884265,1.9546616669507415,5.657630248281348,1.4028573106627904,1405,15548,20,0,0,38804200,5867,42
TRAIL (ours),TRAIL (ours),781,1017,7672,949,20825,90687,0.7703639992501682,0.22963600074983181,0.9331968738369929,0.8755340769133129,0.0007152093821195971,36424.40041710115,1.9483837330552658,4.8154023761981275,1.1984626835761931,1968,9316,30,0,0,39283600,7672,42
