algo_tag,algo,FND,HND,LND,func_life_pdr90,drop_p,total_p,pdr,drop_rate,timely_transfer_rate,energy_rate,energy_per_delivered,throughput_bits_per_round,avg_ch_per_round,avg_cluster_size,avg_hops_to_bs,malicious_delay,malicious_drop,blacklisted_malicious,blacklisted_normal,false_blacklist_events,control_overhead_bits,rounds_run,seed
SHEER-2025,SHEER-2025,1373,1388,6812,50,15420,92075,0.8325278305729025,0.16747216942709753,0.9315243624029743,0.8842593289263884,0.0006519043662140007,45011.74398120963,2.221227246036406,3.2065114433912156,1.0,2024,9547,14,0,0,18415000,6812,42
ACTAR-2024,ACTAR-2024,833,993,6399,50,15257,89018,0.8286076973196432,0.17139230268035677,0.9379075663290899,0.8788426609139516,0.0006775126509878949,46107.829348335676,2.1086107204250664,3.112569802009559,1.6476864467672618,1921,11537,10,0,0,17803600,6399,42
TFSM-DPC-2024,TFSM-DPC-2024,756,1173,5632,50,14341,84248,0.8297763745133415,0.17022362548665848,0.9428383423691475,0.8889073573628561,0.0007110068848652394,49649.857954545456,2.3615056818181817,3.869104147614024,1.7892914872616477,1414,10582,14,0,0,16851000,5632,42
DST-WOA-2024,DST-WOA-2024,823,1489,5478,50,14553,92374,0.8424556693441878,0.1575443306558122,0.9522365428354814,0.909905151289688,0.0006422305510032529,56824.38846294268,2.073566995253742,5.748588292564201,1.4160702124105318,1060,8839,12,0,0,18474800,5478,42
TRAIL (ours),TRAIL (ours),895,1054,8610,50,13500,91184,0.8519477101245833,0.14805228987541674,0.9666340559188508,0.9293130403523133,0.0006432152910419561,36090.12775842044,2.013124274099884,3.354565655066015,1.2231604963699088,2231,5357,20,0,0,18237800,8610,42
