algo_tag,algo,FND,HND,LND,drop_p,total_p,pdr,timely_transfer_rate,energy_rate,energy_per_delivered,throughput_bits_per_round,avg_ch_per_round,avg_cluster_size,avg_hops_to_bs,malicious_delay,malicious_drop,blacklisted_malicious,blacklisted_normal,control_overhead_bits,rounds_run,seed
SHEER-2025,SHEER-2025,500,500,500,1473,25466,0.9453209102045361,0.9991361030393466,0.9959476223230569,0.0010800165995839305,203728.0,7.098,7.46225000000001,1.0,3,103,7,0,5250800,500,42
ACTAR-2024,ACTAR-2024,500,500,500,2240,37883,0.944171672108267,0.9989177203494971,0.9974812371152849,0.0013416677800602316,303064.0,10.772,7.299187160062158,1.9924768365757728,7,228,10,4,7797000,500,42
TFSM-DPC-FAST,TFSM-DPC-FAST,500,500,500,1077,8135,0.8830872774641771,0.9573448063921327,0.9238866493085303,0.0011238656168680178,65080.0,1.06,17.71787450980392,1.0178242163491087,21,681,10,90,1801400,500,42
DST-WOA-2024,DST-WOA-2024,334,500,500,2070,31693,0.9386902822616474,0.999337393115199,0.992510821959525,0.0011974600475389817,253544.0,5.094,9.63877380952381,1.9722967216735556,2,189,7,0,6584800,500,42
TRAIL (ours),TRAIL (ours),500,500,500,2293,38307,0.9435221674876847,0.9993212728744094,0.9974261877042226,0.0012022431649287987,306456.0,10.64,7.499834371957591,1.3810008614613518,2,81,10,0,7894000,500,42
