algo_tag,algo,FND,HND,LND,func_life_pdr85,drop_p,total_p,pdr,drop_rate,timely_transfer_rate,energy_rate,energy_per_delivered,throughput_bits_per_round,avg_ch_per_round,avg_cluster_size,avg_hops_to_bs,malicious_delay,malicious_drop,blacklisted_malicious,blacklisted_normal,false_blacklist_events,control_overhead_bits,rounds_run,seed
SHEER-2025,SHEER-2025,1280,1292,7882,300,14728,85758,0.8282609202639987,0.17173907973600133,0.9280304096860481,0.8769228962227774,0.0007035798336156472,36046.68865770109,1.9846485663537172,2.6424790964343137,1.0,2374,9550,10,0,0,37442400,7882,42
ACTAR-2024,ACTAR-2024,798,931,6057,300,15139,83897,0.8195525465749669,0.1804474534250331,0.9296518223334012,0.8654270941280139,0.0007268579781133223,45407.29734191844,2.1157338616476804,2.985533529354728,1.649233543733093,1846,12077,8,0,0,35857200,6057,42
TFSM-DPC-2024,TFSM-DPC-2024,703,1084,7065,1222,13663,80606,0.8304964890951045,0.16950351090489546,0.9468204293204666,0.8929245099243653,0.0007464498176344502,37901.20311394197,1.9923566878980892,3.3999168336023593,1.7797081098845287,1813,9044,18,0,0,35076200,7065,42
DST-WOA-2024,DST-WOA-2024,753,1209,5332,901,14864,88015,0.8311196955064478,0.16888030449355218,0.9482030320843188,0.8991733886565975,0.0006831842756689783,54876.96924231058,2.034696174043511,5.846905476369093,1.3858457163948545,1101,9159,15,0,0,37383600,5332,42
TRAIL (ours),TRAIL (ours),844,978,8541,1083,13231,85086,0.8444985073925205,0.15550149260747947,0.9655556328717556,0.923695390981309,0.0006953609991690488,33651.79721344105,1.9863013698630136,3.3180319068460866,1.218412079883098,2225,5268,20,0,0,37451000,8541,42
