algo_tag,algo,FND,HND,LND,drop_p,total_p,pdr,drop_rate,timely_transfer_rate,energy_rate,energy_per_delivered,throughput_bits_per_round,avg_ch_per_round,avg_cluster_size,avg_hops_to_bs,malicious_delay,malicious_drop,blacklisted_malicious,blacklisted_normal,false_blacklist_events,control_overhead_bits,rounds_run,seed
SHEER-2025,SHEER-2025,1415,1429,7361,38390,100455,0.6178388333084466,0.3821611666915534,0.8056875855957464,0.7233784680570281,0.000805175952942443,33726.39587012634,1.965493818774623,4.795758857815646,1.0,2616,23276,32,0,0,20099600,7361,42
ACTAR-2024,ACTAR-2024,919,1068,5046,37500,98235,0.6182623301267369,0.3817376698732631,0.8034741088334568,0.719705366805426,0.0008227925689937699,48145.06539833532,2.2540626238604835,5.642690980354477,1.6285996542356138,1996,27844,30,0,0,19647000,5046,42
TFSM-DPC-2024,TFSM-DPC-2024,761,1302,4973,35766,94820,0.6228010968150179,0.37719890318498206,0.8202831306939411,0.7333718690652395,0.0008462502827219091,47499.698371204504,2.3446611703197267,6.69912710705743,1.6813425000846682,1797,24358,33,0,0,18964800,4973,42
DST-WOA-2024,DST-WOA-2024,840,1676,4507,38214,101367,0.6230134067300009,0.37698659326999906,0.8294617832882049,0.7362389423831739,0.0007913369004134003,56048.81295762148,2.2422897714666075,8.359122845943354,1.4053964182224123,1404,25503,33,0,0,20273400,4507,42
TRAIL (ours),TRAIL (ours),857,1081,7268,38162,106052,0.6401576585071475,0.35984234149285255,0.8648696420680513,0.7792829516491473,0.0007360598257866227,37363.78646119978,1.717116125481563,8.091945367579184,1.1390337310354985,1866,18627,50,0,0,21212400,7268,42
