algo_tag,algo,FND,HND,LND,drop_p,total_p,pdr,timely_transfer_rate,energy_rate,energy_per_delivered,throughput_bits_per_round,avg_ch_per_round,avg_cluster_size,avg_hops_to_bs,malicious_delay,malicious_drop,blacklisted_malicious,blacklisted_normal,control_overhead_bits,rounds_run,seed
SHEER-2025,SHEER-2025,945,2839,7786,63840,71383,0.5278909652943656,0.8481291063698639,0.7603129673662259,0.0014002836250546582,36672.489082969434,1.2169278191625996,11.257768369356478,1.0124819634927082,1556,22082,50,0,22940000,7786,42
ACTAR-2024,ACTAR-2024,1464,2388,6954,63538,72266,0.5321345468469264,0.8453352890709324,0.7608906647410395,0.001383046381738284,41568.01840667242,1.3123382226056945,11.566121603686314,1.0,1478,22080,50,0,23129600,6954,42
TFSM-DPC-2024,TFSM-DPC-2024,90,3374,9153,63735,69588,0.5219504511599649,0.8692015864804277,0.7708828971264304,0.0014360729193308216,30411.012782694197,1.415929203539823,7.8051869540561745,1.0,1744,19840,50,0,22347600,9153,42
DST-WOA-2024,DST-WOA-2024,1269,3247,7922,64207,71933,0.5283752019979433,0.8553237040023355,0.7619452842850778,0.001389221967525418,36320.62610451906,1.1623327442565008,11.645411512244385,1.0,1420,21871,50,0,23085200,7922,42
TRAIL (ours),TRAIL (ours),1528,2554,9845,61858,70308,0.531967374362544,0.8456932354781818,0.7668877495173279,0.0014215684445625099,28565.972574911124,1.2286439817166075,7.980646690367359,1.1107128634010355,2272,20917,50,0,22408800,9845,42
