algo_tag,algo,FND,HND,LND,func_life_pdr85,drop_p,total_p,pdr,drop_rate,timely_transfer_rate,energy_rate,energy_per_delivered,throughput_bits_per_round,avg_ch_per_round,avg_cluster_size,avg_hops_to_bs,malicious_delay,malicious_drop,blacklisted_malicious,blacklisted_normal,false_blacklist_events,control_overhead_bits,rounds_run,seed
SHEER-2025,SHEER-2025,1362,1386,6663,300,40017,98748,0.594756349495686,0.405243650504314,0.774718632408779,0.6985151398020413,0.0008509332127561015,35257.991895542546,2.0243133723547952,5.296027457959022,1.0,2490,24858,40,0,0,42212200,6663,42
ACTAR-2024,ACTAR-2024,878,1052,6447,300,38942,95140,0.5906874080302712,0.4093125919697288,0.776326559664045,0.6860052249703125,0.0008891992534643924,34867.69039863502,2.005739103458973,4.299831537919024,1.61833161322467,2533,29818,25,0,0,40366400,6447,42
TFSM-DPC-2024,TFSM-DPC-2024,783,1330,5595,300,36374,92813,0.6080936937713467,0.3919063062286533,0.8050815925158136,0.7180642360621178,0.0008854523483022101,40349.59785522788,2.179982126899017,6.067085681699308,1.7098637466999769,2015,25468,36,0,0,39579600,5595,42
DST-WOA-2024,DST-WOA-2024,797,1634,6418,300,38076,98879,0.6149232900818171,0.3850767099181829,0.8278045491176422,0.7327795818717241,0.0008220077287142805,37895.29448426301,1.8881271424119663,5.94925210345902,1.389322895251879,2094,24599,32,0,0,42003000,6418,42
TRAIL (ours),TRAIL (ours),732,1114,6812,841,38430,102995,0.6268750910238361,0.3731249089761639,0.8553550685355843,0.7671971906081871,0.0007739280610251601,37912.50733998825,1.7447152084556665,8.622834521633425,1.1196158909625957,1724,19054,50,0,0,43596000,6812,42
