algo_tag,algo,FND,HND,LND,func_life_pdr85,drop_p,total_p,pdr,drop_rate,timely_transfer_rate,energy_rate,energy_per_delivered,throughput_bits_per_round,avg_ch_per_round,avg_cluster_size,avg_hops_to_bs,malicious_delay,malicious_drop,blacklisted_malicious,blacklisted_normal,false_blacklist_events,control_overhead_bits,rounds_run,seed
SHEER-2025,SHEER-2025,1278,1291,8599,300,14788,85765,0.8275753512505101,0.17242464874948993,0.9383321357622892,0.8795587865184189,0.0007040263861907457,33016.39725549483,1.8854517967205489,2.6664671694936875,1.0,2443,9256,14,0,0,37558200,8599,42
ACTAR-2024,ACTAR-2024,785,912,4194,300,15275,85638,0.8216329199654359,0.17836708003456414,0.9336867387689552,0.876325152826382,0.0007103050448926893,67108.24988078207,2.5340963280877444,4.798558890905099,1.637593621647741,1229,11513,15,0,0,36389200,4194,42
TFSM-DPC-2024,TFSM-DPC-2024,643,1130,5583,300,14060,80429,0.8251874323937883,0.17481256760621167,0.934306679323178,0.8865094298857776,0.0007496723636119288,47550.77915099409,2.278882321332617,3.900566627799378,1.7982341153249257,1543,9761,16,0,0,34713200,5583,42
DST-WOA-2024,DST-WOA-2024,719,1287,6418,856,14930,87133,0.8286527492454064,0.17134725075459356,0.9465811669875213,0.8937468682292766,0.0006919271521769441,45000.311623558744,1.8653786226238704,4.798628856341541,1.4077115909311249,1394,9790,13,0,0,37146800,6418,42
TRAIL (ours),TRAIL (ours),823,987,8079,1050,13045,85315,0.8470960557932369,0.15290394420676312,0.9621281306212813,0.9263849135762219,0.0006913603115337127,35781.65614556257,2.037009530882535,3.453342333840247,1.2224989622249895,2137,5139,20,0,0,37435200,8079,42
