algo_tag,algo,FND,HND,LND,func_life_pdr85,drop_p,total_p,pdr,drop_rate,timely_transfer_rate,energy_rate,energy_per_delivered,throughput_bits_per_round,avg_ch_per_round,avg_cluster_size,avg_hops_to_bs,malicious_delay,malicious_drop,blacklisted_malicious,blacklisted_normal,false_blacklist_events,control_overhead_bits,rounds_run,seed
SHEER-2025,SHEER-2025,1281,1290,5735,1294,7208,83831,0.9140174875642662,0.08598251243573385,0.9708964671182282,0.9416771743818327,0.0006522639496610549,53442.371403661724,2.369485614646905,3.0871411964960402,1.0,1494,4415,6,0,0,36109400,5735,42
ACTAR-2024,ACTAR-2024,785,906,4756,987,7280,81514,0.910690188188532,0.08930981181146802,0.9690842471104885,0.936041902832375,0.0006731444030522016,62433.978132884775,2.4316652649285113,3.3072459926065925,1.6519519357706711,1225,5623,4,0,0,34927400,4756,42
TFSM-DPC-2024,TFSM-DPC-2024,656,1039,5616,1239,6579,75531,0.9128966914247131,0.08710330857528692,0.9774480798236455,0.9481285987521323,0.0007146453137487544,49111.11111111111,2.2872150997150995,3.2576803818103603,1.817583246316278,1286,4253,9,0,0,32702800,5616,42
DST-WOA-2024,DST-WOA-2024,733,1305,5442,1040,7813,83767,0.9067293803048934,0.09327061969510664,0.9696526845195776,0.9375036986309873,0.0006580557372103793,55828.00441014333,2.022050716648291,5.028840499816242,1.4162387761013244,822,5542,6,0,0,35515400,5442,42
TRAIL (ours),TRAIL (ours),849,964,8059,1061,4861,78937,0.9384192457276056,0.0615807542723944,0.9911307306010044,0.9753946864725985,0.000674560531269224,36766.84452165281,2.17520784216404,2.3039857636565366,1.26652357038717,2116,1404,10,0,0,35002200,8059,42
