algo_tag,algo,FND,HND,LND,drop_p,total_p,pdr,drop_rate,timely_transfer_rate,energy_rate,energy_per_delivered,throughput_bits_per_round,avg_ch_per_round,avg_cluster_size,avg_hops_to_bs,malicious_delay,malicious_drop,blacklisted_malicious,blacklisted_normal,false_blacklist_events,control_overhead_bits,rounds_run,seed
SHEER-2025,SHEER-2025,1370,1384,10414,22520,94081,0.7606317960055696,0.23936820399443037,0.913318707117005,0.8393241412287287,0.0006982343684012674,27486.460533896676,1.7267140387939313,2.9710769385534124,1.0,3060,13159,22,0,0,18816200,10414,42
ACTAR-2024,ACTAR-2024,835,997,6722,22255,91915,0.7578741228308764,0.2421258771691236,0.9035314384151594,0.8291873852886753,0.000717329520836606,41451.94882475454,1.9943469205593574,3.595441053541323,1.6377978753947746,2132,16499,19,0,0,18384000,6722,42
TFSM-DPC-2024,TFSM-DPC-2024,776,1185,5351,21255,87593,0.7573436233488977,0.2426563766511023,0.9101872230094366,0.8374757925012494,0.0007514729114514263,49589.235656886565,2.375256961315642,4.731746941728034,1.7616449094033586,1482,15296,21,0,0,17522800,5351,42
DST-WOA-2024,DST-WOA-2024,783,1726,5310,22698,96192,0.7640344311377245,0.2359655688622755,0.916863961683947,0.8541998463097175,0.0006800347362728927,55362.71186440678,2.0787193973634652,6.52951349654739,1.3989169183878956,1242,14089,20,0,0,19247800,5310,42
TRAIL (ours),TRAIL (ours),897,1077,7614,21548,96175,0.7759500909799844,0.22404990902001565,0.9394857089257239,0.8800031746446215,0.0006696847364488597,39205.14841082217,1.9912004202784344,4.926015558335472,1.1955190480657134,1969,9515,30,0,0,19244400,7614,42
