algo_tag,algo,FND,HND,LND,drop_p,total_p,pdr,timely_transfer_rate,energy_rate,energy_per_delivered,throughput_bits_per_round,avg_ch_per_round,avg_cluster_size,avg_hops_to_bs,malicious_delay,malicious_drop,blacklisted_malicious,blacklisted_normal,control_overhead_bits,rounds_run,seed
SHEER-2025,SHEER-2025,1332,1347,10033,34506,76354,0.6887425581814902,0.9279932943919114,0.8740847805674716,0.0013089438282022233,30441.1442240606,1.5940396690919965,3.7062601747566384,1.0,2636,10577,30,0,19848600,10033,42
ACTAR-2024,ACTAR-2024,751,897,8457,35718,75680,0.679365877304799,0.9312367864693446,0.8651411319140402,0.0013205644262121478,35795.19924323046,1.5112924204800757,4.542812617466752,1.5861257928118393,2098,11522,30,0,19868600,8457,42
TFSM-DPC-2024,TFSM-DPC-2024,789,1261,12551,34371,70771,0.6730992372220426,0.9257746817199135,0.8637266247115778,0.001390483673869067,22554.696836905427,1.428252728866226,2.9590971535657222,1.6594085147871303,3250,10766,30,0,18737600,12551,42
DST-WOA-2024,DST-WOA-2024,712,1666,7877,37254,78396,0.6778728923476005,0.9381345987040155,0.8824031715966294,0.0012749538064903952,39810.079979687696,1.4867335279928906,6.230299183276208,1.327172304709424,1471,10262,30,0,20503000,7877,42
TRAIL (ours),TRAIL (ours),845,1036,9431,35147,75412,0.6820973416908619,0.9315626160292791,0.868616416407319,0.0013252546102585046,31984.731205598557,1.7847524122574487,3.4670387551236663,1.1864557364875616,2494,10810,30,0,19765400,9431,42
