algo_tag,algo,FND,HND,LND,func_life_pdr90,drop_p,total_p,pdr,drop_rate,timely_transfer_rate,energy_rate,energy_per_delivered,throughput_bits_per_round,avg_ch_per_round,avg_cluster_size,avg_hops_to_bs,malicious_delay,malicious_drop,blacklisted_malicious,blacklisted_normal,false_blacklist_events,control_overhead_bits,rounds_run,seed
SHEER-2025,SHEER-2025,1394,1413,9217,50,39227,99802,0.6069517644936975,0.3930482355063025,0.8127280231118448,0.7098086384898065,0.0008248443678221627,26288.380167082563,1.7759574698925897,3.8913030786796656,1.0,3137,24318,34,0,0,19960400,9217,42
ACTAR-2024,ACTAR-2024,847,1067,6643,50,36388,96201,0.6217502936559911,0.3782497063440089,0.7917008008292512,0.7176199164357112,0.0008354254717985641,36015.65557729941,2.012193286165889,3.918220222916897,1.6346446424690284,2655,27573,20,0,0,19240200,6643,42
TFSM-DPC-2024,TFSM-DPC-2024,811,1335,4155,50,36462,94813,0.6154324828873677,0.38456751711263226,0.8239961611626193,0.7253972499217971,0.0008535816230688344,56174.24789410349,2.608904933814681,8.114343755725711,1.6642045551918563,1528,25507,37,0,0,18965800,4155,42
DST-WOA-2024,DST-WOA-2024,889,1909,5888,50,38517,102167,0.6229995986962522,0.3770004013037478,0.8198743126472898,0.736856630701349,0.0007851353372964938,43240.489130434784,1.9123641304347827,6.929279891304349,1.3908876669285153,1827,24975,37,0,0,20433400,5888,42
TRAIL (ours),TRAIL (ours),878,1079,6587,50,38094,106354,0.6418188314496869,0.3581811685503131,0.8621154409610313,0.7831788327145679,0.0007319859919188852,41451.343555488085,1.8006679823895553,8.891895862457307,1.1216818048637562,1685,18338,50,0,0,21270800,6587,42
