algo_tag,algo,FND,HND,LND,drop_p,total_p,pdr,drop_rate,timely_transfer_rate,energy_rate,energy_per_delivered,throughput_bits_per_round,avg_ch_per_round,avg_cluster_size,avg_hops_to_bs,malicious_delay,malicious_drop,blacklisted_malicious,blacklisted_normal,false_blacklist_events,control_overhead_bits,rounds_run,seed
SHEER-2025,SHEER-2025,1432,1463,8374,31225,103917,0.6995198090783991,0.30048019092160094,0.8932757387332857,0.8223540712556918,0.0006873432726239901,34722.71315978027,1.650107475519465,6.7920549148725655,1.0,2137,15105,40,0,0,20783400,8374,42
ACTAR-2024,ACTAR-2024,757,1042,5917,33604,106420,0.6842322871640669,0.3157677128359331,0.8912738958470666,0.8080415765075766,0.0006863192052111514,49224.94507351699,1.5991211762717594,9.597391556015014,1.5498928806855636,1422,16887,40,0,0,21285800,5917,42
TFSM-DPC-2024,TFSM-DPC-2024,785,1380,10629,32163,103965,0.6906362718222478,0.30936372817775215,0.8922314141667363,0.8186488540331532,0.0006960194665152992,27021.16850127011,1.4279800545676922,5.745844884700969,1.5600401103033341,2702,15383,40,0,0,20799200,10629,42
DST-WOA-2024,DST-WOA-2024,752,2080,10030,31976,105994,0.6983225465592392,0.3016774534407608,0.9081034342997649,0.8317824318294564,0.000675050018621624,29518.64406779661,1.3454636091724825,6.828999667663676,1.27498716528412,2283,14567,40,0,0,21200600,10030,42
TRAIL (ours),TRAIL (ours),889,990,9431,31900,103138,0.6907056564990595,0.30929434350094054,0.8895112159240854,0.8148864660133308,0.0007014409373054373,30214.399321386914,1.6478634291167427,5.651265512086488,1.2235604593054268,2529,15508,40,0,0,20631200,9431,42
