algo_tag,algo,FND,HND,LND,drop_p,total_p,pdr,drop_rate,timely_transfer_rate,energy_rate,energy_per_delivered,throughput_bits_per_round,avg_ch_per_round,avg_cluster_size,avg_hops_to_bs,malicious_delay,malicious_drop,blacklisted_malicious,blacklisted_normal,false_blacklist_events,control_overhead_bits,rounds_run,seed
SHEER-2025,SHEER-2025,1403,1416,6010,8224,90581,0.9092083328733399,0.09079166712666009,0.9707978678193717,0.9364147397452735,0.0006067765063928694,54813.31114808652,2.4179700499168053,3.157410664765075,1.0,1533,5243,3,0,0,18116200,6010,42
ACTAR-2024,ACTAR-2024,843,977,5667,7273,86811,0.9162202946631187,0.08377970533688128,0.9724408458849858,0.9422278087509225,0.0006283283879156232,56141.168166578434,2.285689077113111,3.0533552711821637,1.653700118182504,1567,5331,5,0,0,17362200,5667,42
TFSM-DPC-2024,TFSM-DPC-2024,705,1102,6337,6398,80965,0.9209782004569876,0.07902179954301236,0.9781136427642254,0.9540685766213024,0.0006661392566786093,47067.697648729685,2.2202935142812055,3.1177501212014884,1.824842088323253,1539,4070,7,0,0,16198000,6337,42
DST-WOA-2024,DST-WOA-2024,763,1508,6254,7248,89410,0.918935242142937,0.08106475785706302,0.9840924028139529,0.9592195770965123,0.0006082882890569527,52550.047969299645,1.959705788295491,4.789140283551858,1.4106642973637449,1129,3750,9,0,0,17883200,6254,42
TRAIL (ours),TRAIL (ours),932,1071,8495,5231,85756,0.9390013526750315,0.060998647324968513,0.9903011487115803,0.9749901762838354,0.000620414945049009,37916.421424367276,2.174573278399058,2.3519395634107356,1.2590127289661597,2236,1619,10,0,0,17155200,8495,42
