algo_tag,algo,FND,HND,LND,func_life_pdr85,drop_p,total_p,pdr,drop_rate,timely_transfer_rate,energy_rate,energy_per_delivered,throughput_bits_per_round,avg_ch_per_round,avg_cluster_size,avg_hops_to_bs,malicious_delay,malicious_drop,blacklisted_malicious,blacklisted_normal,false_blacklist_events,control_overhead_bits,rounds_run,seed
SHEER-2025,SHEER-2025,1264,1277,7696,1281,6536,82923,0.9211798897772633,0.07882011022273672,0.9807689790147538,0.9508066292709687,0.0006542095420382035,39702.18295218295,2.001429313929314,2.615620049995052,1.0,2021,3474,10,0,0,36198200,7696,42
ACTAR-2024,ACTAR-2024,789,915,3057,1051,8245,82162,0.899649472992381,0.10035052700761904,0.960252715884032,0.9243319252062324,0.0006761222612323735,96718.35132482827,3.315668956493294,4.56293195046875,1.6544096757173588,827,7026,4,0,0,34689800,3057,42
TFSM-DPC-2024,TFSM-DPC-2024,662,1049,4839,1192,6621,76143,0.9130451912848193,0.08695480871518069,0.9715485745519404,0.9451628615464425,0.0007159514709561144,57468.07191568506,2.572432320727423,3.4114847107181077,1.8358361382008572,1111,4759,7,0,0,32966200,4839,42
DST-WOA-2024,DST-WOA-2024,757,1421,5233,1080,7346,84068,0.9126183565684922,0.08738164343150778,0.9759521388910612,0.9471434840014976,0.000651429844055716,58644.75444295815,2.071851710300019,5.3204630868208165,1.4101561481713198,836,4534,8,0,0,35783600,5233,42
TRAIL (ours),TRAIL (ours),838,972,7963,1086,4770,78846,0.9395023209801385,0.06049767901986147,0.9901047572763109,0.9776832296152367,0.0006746501567362699,37210.09669722466,2.201431621248273,2.3052633634875606,1.2636076462011987,2107,1254,10,0,0,34967600,7963,42
