algo_tag,algo,FND,HND,LND,drop_p,total_p,pdr,drop_rate,timely_transfer_rate,energy_rate,energy_per_delivered,throughput_bits_per_round,avg_ch_per_round,avg_cluster_size,avg_hops_to_bs,malicious_delay,malicious_drop,blacklisted_malicious,blacklisted_normal,false_blacklist_events,control_overhead_bits,rounds_run,seed
SHEER-2025,SHEER-2025,1236,1263,14479,39798,107473,0.6296930391819341,0.3703069608180659,0.8587366087920207,0.764968106831715,0.0007382936250021401,18696.04254437461,1.307341667242213,4.973119279481942,1.0,3900,20175,50,0,0,21494600,14479,42
ACTAR-2024,ACTAR-2024,741,1333,9729,42110,110518,0.6189760943918637,0.38102390560813626,0.8470500526254239,0.7547247789565039,0.0007303911440100959,28125.39829376092,1.291294069277418,7.666967799961942,1.4863320079522864,2531,22034,50,0,0,22103600,9729,42
TFSM-DPC-2024,TFSM-DPC-2024,735,1229,6271,44455,111650,0.6018360949395433,0.39816390506045674,0.8395118684425924,0.739253885501582,0.0007437851351312698,42860.787753149416,1.5566895232020412,11.368341106261692,1.5358732048515515,1473,23134,50,0,0,22330000,6271,42
DST-WOA-2024,DST-WOA-2024,757,2413,10080,41513,111997,0.6293382858469423,0.3706617141530577,0.85558424607003,0.7721809850469922,0.0007090929152502918,27969.84126984127,1.2513888888888889,8.307371031746033,1.266117132966347,2337,20423,50,0,0,22399400,10080,42
TRAIL (ours),TRAIL (ours),879,976,8211,41170,110156,0.6262573078180036,0.3737426921819964,0.8493317484707043,0.7632198035805993,0.0007244360681729333,33606.62525879917,1.6038241383509926,7.878678142315336,1.1708172672716204,2156,20679,50,0,0,22031200,8211,42
