algo_tag,algo,FND,HND,LND,drop_p,total_p,pdr,drop_rate,timely_transfer_rate,energy_rate,energy_per_delivered,throughput_bits_per_round,avg_ch_per_round,avg_cluster_size,avg_hops_to_bs,malicious_delay,malicious_drop,blacklisted_malicious,blacklisted_normal,false_blacklist_events,control_overhead_bits,rounds_run,seed
SHEER-2025,SHEER-2025,1407,1427,13107,32570,99153,0.6715177553881375,0.3284822446118625,0.852259585780154,0.7596193951199741,0.0007504902058107507,20319.829098954757,1.5548943312733654,2.993692029340921,1.0,4274,20582,35,0,0,19830600,13107,42
ACTAR-2024,ACTAR-2024,934,1089,5743,32655,98534,0.6685915521545862,0.3314084478454138,0.8442447517418297,0.7559739912856294,0.0007586044740575835,45884.729235591156,2.1607173950896743,5.036290895824239,1.623704063510375,2113,24118,26,0,0,19707600,5743,42
TFSM-DPC-2024,TFSM-DPC-2024,763,1347,7717,30958,94911,0.6738207373223336,0.3261792626776664,0.8505934045314528,0.7726595304877981,0.0007814550542334257,33149.151224569134,1.9394842555397176,4.473707668480097,1.7412631151001516,2580,21520,32,0,0,18985600,7717,42
DST-WOA-2024,DST-WOA-2024,817,1802,5793,32893,102509,0.679120857680789,0.320879142319211,0.8620719374856355,0.7874698386936668,0.0007179063537864024,48069.048852062835,1.9428620749180046,7.718251913228616,1.3871523787635027,1639,21549,32,0,0,20516000,5793,42
TRAIL (ours),TRAIL (ours),869,1117,12448,31823,103405,0.6922489241332624,0.30775107586673756,0.8981866949791847,0.81843380804501,0.0006980948448083648,23001.928020565552,1.5138174807197944,4.445795686434746,1.1517141180743762,3376,15158,40,0,0,20684000,12448,42
