algo_tag,algo,FND,HND,LND,drop_p,total_p,pdr,timely_transfer_rate,energy_rate,energy_per_delivered,throughput_bits_per_round,avg_ch_per_round,avg_cluster_size,avg_hops_to_bs,malicious_delay,malicious_drop,blacklisted_malicious,blacklisted_normal,control_overhead_bits,rounds_run,seed
SHEER-2025,SHEER-2025,847,2217,6607,10392,87735,0.8940964260601058,0.9862198666438707,0.9696165965117434,0.0011390606784952419,53116.39170576661,1.6456788254881187,5.868037146749125,1.0143044395053284,898,2340,10,0,18886400,6607,42
ACTAR-2024,ACTAR-2024,1500,1969,5727,10555,85860,0.8905253331950422,0.985138597717214,0.963597365556235,0.0011639471219844334,59968.56993190152,1.7962283918281823,6.2377309665287735,1.0,858,2673,10,0,18582200,5727,42
TFSM-DPC-2024,TFSM-DPC-2024,128,1665,10143,10937,77654,0.8765450215033129,0.994887578231643,0.9786533430132043,0.001286816519845216,30623.681356600613,1.7093562062506162,2.909998920202995,1.0,1231,844,10,0,16795800,10143,42
DST-WOA-2024,DST-WOA-2024,1008,2084,8010,8673,87626,0.9099367594679072,0.9901969735010157,0.9776168600337208,0.0011406082877150274,43758.302122347064,1.43458177278402,4.894780631353672,1.0,1425,1560,10,0,18628800,8010,42
TRAIL (ours),TRAIL (ours),1403,1808,9892,6221,83712,0.930826281787553,0.9939554663608563,0.9840523691910958,0.0011936875723089085,33850.38414880712,1.4915082895268905,2.9365025938140583,1.2070909785932722,2194,964,10,0,17535400,9892,42
