algo_tag,algo,FND,HND,LND,drop_p,total_p,pdr,drop_rate,timely_transfer_rate,energy_rate,energy_per_delivered,throughput_bits_per_round,avg_ch_per_round,avg_cluster_size,avg_hops_to_bs,malicious_delay,malicious_drop,blacklisted_malicious,blacklisted_normal,false_blacklist_events,control_overhead_bits,rounds_run,seed
SHEER-2025,SHEER-2025,1399,1415,10826,22368,94884,0.7642595168837739,0.23574048311622608,0.9040487616526008,0.8356798744308048,0.0006890799962882037,26793.275447995566,1.7094032883798262,2.791017985801378,1.0,3314,13808,22,0,0,18977400,10826,42
ACTAR-2024,ACTAR-2024,889,1049,10734,23417,92211,0.7460498205203284,0.2539501794796716,0.8848155362386254,0.8112511531936222,0.0007263823960654796,25635.923234581704,1.6724427054220234,2.399681108645614,1.6443875919411577,3488,18153,14,0,0,18442200,10734,42
TFSM-DPC-2024,TFSM-DPC-2024,739,1189,8792,22105,89015,0.7516710666741561,0.24832893332584394,0.8992826184426842,0.8334145078800905,0.0007425326935056212,30441.310282074613,1.860555050045496,3.37165004161806,1.7539530712897922,2739,15070,22,0,0,17803000,8792,42
DST-WOA-2024,DST-WOA-2024,790,1520,7408,24478,97194,0.748153178179723,0.25184682182027696,0.9105011276747896,0.8367694124267732,0.000687346181104801,39263.49892008639,1.7366360691144709,5.570239380849529,1.39137191264646,1823,17256,25,0,0,19441200,7408,42
TRAIL (ours),TRAIL (ours),891,1051,12065,21615,97503,0.7783145133995877,0.22168548660041232,0.9356815306767868,0.8826349054667814,0.0006585037306671303,25159.718193120596,1.61831744716121,3.525800534574272,1.2214184060721063,3297,9567,30,0,0,19501800,12065,42
