algo_tag,algo,FND,HND,LND,func_life_pdr90,drop_p,total_p,pdr,drop_rate,timely_transfer_rate,energy_rate,energy_per_delivered,throughput_bits_per_round,avg_ch_per_round,avg_cluster_size,avg_hops_to_bs,malicious_delay,malicious_drop,blacklisted_malicious,blacklisted_normal,false_blacklist_events,control_overhead_bits,rounds_run,seed
SHEER-2025,SHEER-2025,1391,1404,9441,50,23669,94123,0.7485311772892916,0.25146882271070836,0.899494705765464,0.8212860499050447,0.000709180198626939,29850.227730113336,1.8414362885287576,2.880350522795708,1.0,2834,14778,21,0,0,18827000,9441,42
ACTAR-2024,ACTAR-2024,856,995,4074,50,23060,92701,0.7512432444094455,0.24875675559055455,0.8995132177883718,0.8226199691281484,0.0007175782133142528,68376.04320078547,2.6791850760922924,5.270749184813991,1.644692063583234,1417,17730,17,0,0,18540200,4074,42
TFSM-DPC-2024,TFSM-DPC-2024,773,1210,5927,50,20414,86220,0.7632335884945488,0.2367664115054512,0.9024860954928122,0.8365860187882803,0.000759305402556194,44411.000506158256,2.348574320904336,3.5893455008624633,1.8154271646962283,1925,16328,17,0,0,17244000,5927,42
DST-WOA-2024,DST-WOA-2024,728,1578,4185,50,22396,95728,0.7660454621427377,0.23395453785726228,0.9151666393934436,0.8544199285454381,0.0006814764541664396,70090.32258064517,2.413142174432497,7.872751891676618,1.4018709431080565,875,13660,19,0,0,19145600,4185,42
TRAIL (ours),TRAIL (ours),864,1076,7774,50,21142,95792,0.7792926340404209,0.22070736595957907,0.9375485599464166,0.8823338910953652,0.000669350741413776,38410.08489837921,1.9745304862361719,4.815918107950293,1.1802009377093101,2047,9331,30,0,0,19161400,7774,42
