algo_tag,algo,FND,HND,LND,drop_p,total_p,pdr,timely_transfer_rate,energy_rate,energy_per_delivered,throughput_bits_per_round,avg_ch_per_round,avg_cluster_size,avg_hops_to_bs,malicious_delay,malicious_drop,blacklisted_malicious,blacklisted_normal,control_overhead_bits,rounds_run,seed
SHEER-2025,SHEER-2025,633,2042,8225,9373,87861,0.9036036777258983,0.987594040586836,0.9701635968385683,0.0011375403576922363,42728.7537993921,1.4735562310030395,4.930315236603989,1.0149895858230615,1527,2218,10,0,18816000,8225,42
ACTAR-2024,ACTAR-2024,1387,1969,8744,9907,86822,0.8975798364502889,0.9865241528644814,0.9691468450930797,0.0011511230043183562,39717.29185727356,1.5225297346752058,3.9991385641145474,1.0,1744,2370,10,0,18663200,8744,42
TFSM-DPC-2024,TFSM-DPC-2024,153,1875,7943,11813,78548,0.8692688217261871,0.986377756276417,0.9639439499575758,0.0012724237247197354,39555.835326702756,1.9374291829283645,3.9725358656618908,1.0,690,2120,10,0,17199000,7943,42
DST-WOA-2024,DST-WOA-2024,1141,1968,6173,10587,88328,0.8929687105090229,0.9835273073091205,0.9649706284726277,0.0011313406822008145,57235.0558885469,1.5540255953345212,6.664684532487867,1.0,868,2382,10,0,19097000,6173,42
TRAIL (ours),TRAIL (ours),1213,1442,6079,8994,86338,0.9056560231611631,0.9897380064398064,0.9702542083040315,0.0011576124809379983,56810.659647968416,1.961177825300214,3.471384182339932,1.168025666566286,1409,2163,10,0,18457000,6079,42
