algo_tag,algo,FND,HND,LND,drop_p,total_p,pdr,timely_transfer_rate,energy_rate,energy_per_delivered,throughput_bits_per_round,avg_ch_per_round,avg_cluster_size,avg_hops_to_bs,malicious_delay,malicious_drop,blacklisted_malicious,blacklisted_normal,control_overhead_bits,rounds_run,seed
SHEER-2025,SHEER-2025,540,2489,8575,35677,79166,0.6893411004588873,0.9356541949826946,0.8760338788186934,0.0012622471547690866,36928.74635568513,1.3225655976676385,7.148786015086303,1.0133643230679836,1649,10900,30,0,20543400,8575,42
ACTAR-2024,ACTAR-2024,1560,2255,7405,36573,79550,0.6850494734032018,0.928095537397863,0.8717158423561729,0.0012564234207370325,42970.96556380824,1.4598244429439569,7.537513424005662,1.0,1518,11173,30,0,20785400,7405,42
TFSM-DPC-2024,TFSM-DPC-2024,112,2457,9588,37337,71342,0.6564469676754479,0.9373720949791147,0.8775772892221808,0.0014006568272550354,29763.037129745517,1.5543387567793074,5.429634513379827,1.0,1308,9128,30,0,18992200,9588,42
DST-WOA-2024,DST-WOA-2024,1152,2672,7909,36349,80268,0.6883044496085476,0.9333981163103603,0.8771369150255042,0.0012449946673260051,40595.7769629536,1.282336578581363,8.17743589280446,1.0,1476,10681,30,0,20865600,7909,42
TRAIL (ours),TRAIL (ours),1359,2074,8249,35934,79036,0.6874488997129686,0.9278556607115744,0.8734550962306247,0.0012644812316437205,38325.13031882652,1.4441750515213965,6.263312230596146,1.099752011741485,1915,11075,30,0,20562000,8249,42
