algo_tag,algo,FND,HND,LND,drop_p,total_p,pdr,timely_transfer_rate,energy_rate,energy_per_delivered,throughput_bits_per_round,avg_ch_per_round,avg_cluster_size,avg_hops_to_bs,malicious_delay,malicious_drop,blacklisted_malicious,blacklisted_normal,control_overhead_bits,rounds_run,seed
SHEER-2025,SHEER-2025,500,500,500,6307,22705,0.7826071970219219,0.9800484474785289,0.9800359958173437,0.0011332281550538994,181640.0,5.66,9.812826190476189,1.0,39,463,39,0,5218000,500,42
ACTAR-2024,ACTAR-2024,500,500,500,8286,28728,0.7761387583076673,0.9893135616819827,0.9811435012691285,0.0013291701149928874,229824.0,7.2,9.384128399378397,1.9837788916736285,40,950,40,23,6591400,500,42
TFSM-DPC-FAST,TFSM-DPC-FAST,500,500,500,4894,6017,0.5514618275135185,0.7917566893800897,0.6831767917359358,0.0014681800003737931,48136.0,1.04,19.407035714285715,1.020774472328403,69,2798,40,60,1972600,500,42
DST-WOA-2024,DST-WOA-2024,354,500,500,5986,23396,0.7962698250629637,0.9878611728500598,0.9839462684451321,0.0011544747858008395,187168.0,3.87,10.235764285714302,1.9828603180030775,30,525,27,0,5296800,500,42
TRAIL (ours),TRAIL (ours),500,500,500,8206,33415,0.8028399125441484,0.9968576986383361,0.9943176346796953,0.0011261232745313683,267320.0,7.414,10.270716999667009,1.304384258566512,15,188,40,0,7515600,500,42
