algo_tag,algo,FND,HND,LND,drop_p,total_p,pdr,timely_transfer_rate,energy_rate,energy_per_delivered,throughput_bits_per_round,avg_ch_per_round,avg_cluster_size,avg_hops_to_bs,malicious_delay,malicious_drop,blacklisted_malicious,blacklisted_normal,control_overhead_bits,rounds_run,seed
SHEER-2025,SHEER-2025,783,2088,6245,24302,84442,0.7765210034576621,0.9617370502830345,0.9172673141490919,0.0011834967251160662,54086.14891913531,1.5293835068054444,7.970700179190976,1.013891191587125,1024,7025,20,0,20108600,6245,42
ACTAR-2024,ACTAR-2024,1397,2271,9240,21169,81702,0.7942180011859513,0.9614207730532912,0.9240753157671846,0.00122305367426872,35368.831168831166,1.4512987012987013,4.692528282203608,1.0,1847,6083,20,0,19168200,9240,42
TFSM-DPC-2024,TFSM-DPC-2024,102,2241,9389,24132,75406,0.7575599268621029,0.9688751558231441,0.9310587803560167,0.0013254181329830795,32125.252955586326,1.7509851954414741,4.212620645233281,1.0,1281,4748,20,0,18068800,9389,42
DST-WOA-2024,DST-WOA-2024,1139,2072,7443,22397,83954,0.7894048951114705,0.9595016318460109,0.9228481087467401,0.0011905046558285137,45118.36625016794,1.3631600161225312,7.015205082436036,1.0,1361,6411,20,0,19792400,7443,42
TRAIL (ours),TRAIL (ours),1383,1863,8939,22772,82618,0.7839263687256856,0.9625263259822314,0.9222144278421504,0.0012095597391337044,36969.68340977738,1.4656001789909385,4.549367856292567,1.1130867365465154,1941,6324,20,0,19523400,8939,42
