algo_tag,algo,FND,HND,LND,drop_p,total_p,pdr,timely_transfer_rate,energy_rate,energy_per_delivered,throughput_bits_per_round,avg_ch_per_round,avg_cluster_size,avg_hops_to_bs,malicious_delay,malicious_drop,blacklisted_malicious,blacklisted_normal,control_overhead_bits,rounds_run,seed
SHEER-2025,SHEER-2025,955,2989,8506,49255,75403,0.6048789488039276,0.8948582947628079,0.8224966312679612,0.001325499802979256,35458.73501058076,1.2725135198683282,8.75029460996719,1.012864209646831,1703,15942,40,0,21663200,8506,42
ACTAR-2024,ACTAR-2024,1508,2649,7060,49142,75045,0.6042903041381142,0.8939569591578387,0.8132321092053866,0.0013318141367896436,42518.413597733714,1.404815864022663,9.577269380367825,1.0,1369,16688,40,0,21677800,7060,42
TFSM-DPC-2024,TFSM-DPC-2024,101,2833,8113,50157,71590,0.5880227028181393,0.9129627042883084,0.8359522547562929,0.001395723436968096,35296.4378158511,1.6001479107605079,7.6200639185786425,1.0,1226,13262,40,0,20743400,8113,42
DST-WOA-2024,DST-WOA-2024,1306,2990,7486,50074,77839,0.6085307982769539,0.8993435167461041,0.8260924575423697,0.0012840882525668202,41591.771306438684,1.2468608068394336,10.31082560462069,1.0,1396,15650,40,0,22252600,7486,42
TRAIL (ours),TRAIL (ours),1309,2200,10426,48167,76824,0.6146362538102743,0.8960481099656358,0.8237311684889432,0.001301014199697105,29474.007289468635,1.2698062535967773,6.324640436454648,1.156344371550557,2475,15992,40,0,21833600,10426,42
