algo_tag,algo,FND,HND,LND,drop_p,total_p,pdr,drop_rate,timely_transfer_rate,energy_rate,energy_per_delivered,throughput_bits_per_round,avg_ch_per_round,avg_cluster_size,avg_hops_to_bs,malicious_delay,malicious_drop,blacklisted_malicious,blacklisted_normal,false_blacklist_events,control_overhead_bits,rounds_run,seed
SHEER-2025,SHEER-2025,1433,1445,9375,13556,91796,0.8523247200313739,0.14767527996862606,0.9609279141104294,0.9273446011381858,0.0006386967405445309,33382.4,1.8176,3.681908825396824,1.0,2484,5769,20,0,0,18359200,9375,42
ACTAR-2024,ACTAR-2024,817,939,12266,12073,88982,0.8643208738846059,0.13567912611539412,0.970133534436802,0.9368220003521932,0.0006497429779965012,25080.38480352193,1.4305397032447416,2.8691646702754654,1.6420965036601698,3225,4849,20,0,0,17797600,12266,42
TFSM-DPC-2024,TFSM-DPC-2024,670,1216,8221,14079,86127,0.8365320979483786,0.16346790205162143,0.9581112591605596,0.91694556114757,0.0006930293653386755,35055.589344362,1.7984430117990513,4.202060033536811,1.6889296024872307,1836,5967,20,0,0,17226800,8221,42
DST-WOA-2024,DST-WOA-2024,770,1625,11211,13279,92928,0.8571044249311295,0.14289557506887052,0.9714371806300142,0.9391054612116486,0.0006274373378460144,28418.16073499242,1.418071536883418,4.157559539737754,1.369784931386458,2497,4649,20,0,0,18590400,11211,42
TRAIL (ours),TRAIL (ours),891,1065,8502,14057,91167,0.8458104357936534,0.15418956420634655,0.9610686032939956,0.9215021147855014,0.0006479789908868587,36278.52270054105,2.03822629969419,3.629601200116529,1.281545843600052,2198,6084,20,0,0,18236000,8502,42
