algo_tag,algo,FND,HND,LND,drop_p,total_p,pdr,timely_transfer_rate,energy_rate,energy_per_delivered,throughput_bits_per_round,avg_ch_per_round,avg_cluster_size,avg_hops_to_bs,malicious_delay,malicious_drop,blacklisted_malicious,blacklisted_normal,control_overhead_bits,rounds_run,seed
SHEER-2025,SHEER-2025,1392,1413,10834,47035,72352,0.6060291321500666,0.9005832596196374,0.8168471077992638,0.0013814866980048862,26712.940742108178,1.481447295551043,4.489514271649217,1.0,2827,15665,40,0,20820200,10834,42
ACTAR-2024,ACTAR-2024,816,1218,9986,47047,72533,0.6065646429168757,0.8944204706823101,0.822294476729356,0.0013779596310698463,29053.875425595834,1.3750250350490687,4.899519807528519,1.5292625425668316,2594,15533,40,0,20777800,9986,42
TFSM-DPC-2024,TFSM-DPC-2024,753,1333,6605,49376,68797,0.582171900518731,0.8821605593267148,0.8063352945820987,0.0014385500909486549,41663.588190764574,1.690991672975019,7.638720950439743,1.534994258470573,1560,16112,40,0,20366000,6605,42
DST-WOA-2024,DST-WOA-2024,782,1867,8365,49040,74308,0.6024256574893796,0.8991494859234538,0.827963928107985,0.0013448948265561628,35532.815301852956,1.3985654512851167,7.0711277146842,1.2947058190235237,1803,15189,40,0,21349600,8365,42
TRAIL (ours),TRAIL (ours),879,948,7421,47670,71948,0.6014813824006421,0.8877105687440929,0.8177301585364481,0.0013891055893500454,38780.75731033553,1.7862821722139874,5.9404937807629485,1.215975426697059,2022,15517,40,0,20793600,7421,42
