algo_tag,algo,FND,HND,LND,drop_p,total_p,pdr,drop_rate,timely_transfer_rate,energy_rate,energy_per_delivered,throughput_bits_per_round,avg_ch_per_round,avg_cluster_size,avg_hops_to_bs,malicious_delay,malicious_drop,blacklisted_malicious,blacklisted_normal,false_blacklist_events,control_overhead_bits,rounds_run,seed
SHEER-2025,SHEER-2025,1406,1423,9008,30522,96836,0.6848073030691065,0.31519269693089347,0.8587176161896433,0.7734344762406759,0.0007534745614193441,29446.71403197158,1.85446269982238,3.3633152805971416,1.0,2979,18959,28,0,0,19367200,9008,42
ACTAR-2024,ACTAR-2024,883,1027,6126,29594,94698,0.6874907601005301,0.3125092398994699,0.8630345293683952,0.7754242123408226,0.000767659742912912,42509.957557949725,2.050930460333007,4.36279082332584,1.6232643155566477,2133,21801,25,0,0,18939600,6126,42
TFSM-DPC-2024,TFSM-DPC-2024,738,1296,4936,28452,91836,0.690186854828172,0.309813145171828,0.8714186545500442,0.7874011530813259,0.0007883281453523922,51364.667747163694,2.413290113452188,6.022803731275423,1.7250883503723338,1635,19530,31,0,0,18373400,4936,42
DST-WOA-2024,DST-WOA-2024,847,1594,4570,29497,98516,0.7005867067278412,0.2994132932721588,0.8761355568756429,0.8058081908099988,0.0007240575346271834,60410.50328227571,2.263457330415755,7.710853391684888,1.4312290818470277,1285,18826,31,0,0,19704600,4570,42
TRAIL (ours),TRAIL (ours),895,1095,7831,29127,100553,0.7103318647877239,0.2896681352122761,0.9065326351748663,0.8344056177706416,0.0006995985769737996,36483.718554463034,1.8163708338654068,6.019054992596048,1.1602217679836475,2026,13469,40,0,0,20110600,7831,42
