algo_tag,algo,FND,HND,LND,drop_p,total_p,pdr,drop_rate,timely_transfer_rate,energy_rate,energy_per_delivered,throughput_bits_per_round,avg_ch_per_round,avg_cluster_size,avg_hops_to_bs,malicious_delay,malicious_drop,blacklisted_malicious,blacklisted_normal,false_blacklist_events,control_overhead_bits,rounds_run,seed
SHEER-2025,SHEER-2025,1324,1342,10629,20477,97765,0.7905487648954125,0.20945123510458752,0.940456474485043,0.8922429333269186,0.0006466111794232322,29085.708909586978,1.5603537491767805,4.182795384594706,1.0,2807,8901,30,0,0,19556400,10629,42
ACTAR-2024,ACTAR-2024,797,910,10308,22928,97326,0.7644206070320366,0.23557939296796337,0.9277265517890266,0.8696236155320888,0.0006715974561256998,28870.00388048118,1.421420256111758,4.633469346158522,1.5676631092233662,2725,10867,30,0,0,19465200,10308,42
TFSM-DPC-2024,TFSM-DPC-2024,773,1229,8424,22857,95541,0.7607623952020598,0.2392376047979402,0.9283473666831765,0.869422653553994,0.0006864994676967101,34512.820512820515,1.6415004748338082,5.440765208794056,1.6734356942380717,2095,10409,30,0,0,19108200,8424,42
DST-WOA-2024,DST-WOA-2024,715,2136,11679,22486,100227,0.775649276143155,0.22435072385684496,0.9426428782752988,0.8876074754137478,0.0006428810819697487,26625.909752547308,1.3639866426920113,4.9709935211348,1.3694704210133648,2595,9328,30,0,0,20057200,11679,42
TRAIL (ours),TRAIL (ours),871,1103,9074,21975,97108,0.7737055649380071,0.22629443506199287,0.9331452224721494,0.8769498971634695,0.0006650476569746507,33120.12342957902,1.8157372713246638,4.480008346684464,1.267006508458334,2411,9863,30,0,0,19424800,9074,42
