algo_tag,algo,FND,HND,LND,drop_p,total_p,pdr,timely_transfer_rate,energy_rate,energy_per_delivered,throughput_bits_per_round,avg_ch_per_round,avg_cluster_size,avg_hops_to_bs,malicious_delay,malicious_drop,blacklisted_malicious,blacklisted_normal,control_overhead_bits,rounds_run,seed
SHEER-2025,SHEER-2025,1300,1330,11027,60636,68700,0.5311746149563926,0.8508879184861717,0.7583221475065215,0.0014547443877761927,24920.64931531695,1.4307608597079895,5.44212549715633,1.0,2917,21355,50,0,22016400,11027,42
ACTAR-2024,ACTAR-2024,796,1436,6775,62731,68460,0.5218345770670244,0.8477943324569092,0.7557950077970518,0.0014596162542375296,40419.18819188192,1.4416236162361624,9.371196924436775,1.4482763657610283,1607,22000,50,0,22166000,6775,42
TFSM-DPC-2024,TFSM-DPC-2024,736,1444,6395,65147,66517,0.5052026370154332,0.8435136882300766,0.744079027743341,0.0015025866471009856,41605.62939796716,1.577326035965598,10.077058199686634,1.4237713667182825,1460,22642,50,0,22137400,6395,42
DST-WOA-2024,DST-WOA-2024,729,2656,9523,61587,71204,0.5362110383986867,0.8576624908712993,0.7817113830513331,0.0014036798613018245,29908.222198886906,1.2619972697679303,7.754119850187265,1.2303241390933093,2126,19554,50,0,22432200,9523,42
TRAIL (ours),TRAIL (ours),846,951,9464,61151,68943,0.529947576367857,0.8479178451764501,0.7581411341791693,0.001449613968733672,29139.05325443787,1.5047548605240912,6.059739463656942,1.1614086999405306,2570,21501,50,0,22118000,9464,42
