algo_tag,algo,FND,HND,LND,func_life_pdr85,drop_p,total_p,pdr,drop_rate,timely_transfer_rate,energy_rate,energy_per_delivered,throughput_bits_per_round,avg_ch_per_round,avg_cluster_size,avg_hops_to_bs,malicious_delay,malicious_drop,blacklisted_malicious,blacklisted_normal,false_blacklist_events,control_overhead_bits,rounds_run,seed
SHEER-2025,SHEER-2025,1334,1350,7451,300,31371,94431,0.6677891794008324,0.3322108205991676,0.8427053599746274,0.7594133859030682,0.0007924528380981161,33853.17407059455,1.9468527714400752,4.214037904787467,1.0,2550,19478,33,0,0,40686800,7451,42
ACTAR-2024,ACTAR-2024,885,977,4976,300,30609,91683,0.6661431235888878,0.33385687641111217,0.8342993745292596,0.7483498455814206,0.0008182564271303272,49094.85530546624,2.3317926045016075,4.522152689330143,1.6301372105969807,1929,24482,18,0,0,38668400,4976,42
TFSM-DPC-2024,TFSM-DPC-2024,783,1209,6732,300,28205,88463,0.6811661372551236,0.31883386274487635,0.8529489860267516,0.7817955146036317,0.0008252992480711526,35803.92156862745,1.9763814616755793,4.845023329726984,1.7349231637292974,2232,19045,30,0,0,38061400,6732,42
DST-WOA-2024,DST-WOA-2024,784,1547,6375,300,30644,94769,0.6766453165064525,0.32335468349354746,0.8703313840155945,0.7742081256948437,0.0007794197586047867,40235.294117647056,1.8746666666666667,5.518752941176468,1.4198830409356724,1789,21109,23,0,0,40336400,6375,42
TRAIL (ours),TRAIL (ours),804,1082,7798,913,29000,96600,0.6997929606625258,0.30020703933747417,0.900991124260355,0.8240929991456604,0.0007392001218821474,34675.5578353424,1.7802000512952039,6.088449359124532,1.172914201183432,2024,13757,40,0,0,41446200,7798,42
