algo_tag,algo,FND,HND,LND,drop_p,total_p,pdr,drop_rate,timely_transfer_rate,energy_rate,energy_per_delivered,throughput_bits_per_round,avg_ch_per_round,avg_cluster_size,avg_hops_to_bs,malicious_delay,malicious_drop,blacklisted_malicious,blacklisted_normal,false_blacklist_events,control_overhead_bits,rounds_run,seed
SHEER-2025,SHEER-2025,1379,1393,10266,14474,91395,0.8416324744242026,0.15836752557579736,0.9441634924142952,0.8984382651679321,0.0006495448031608532,29971.166958893435,1.7713812585232807,2.639545007560787,1.0,2916,8174,17,0,0,18279000,10266,42
ACTAR-2024,ACTAR-2024,807,974,8412,14134,88464,0.8402287936335685,0.1597712063664315,0.9413157540696893,0.8931159498012073,0.0006723072068531158,35344.74560152164,1.8209700427960056,2.692826106832885,1.6441409928696353,2376,10086,12,0,0,17693800,8412,42
TFSM-DPC-2024,TFSM-DPC-2024,671,1162,5336,14607,85512,0.8291818692113387,0.17081813078866126,0.9443903814963683,0.8955475965417508,0.0007008093747369373,53152.17391304348,2.3630059970014994,4.55174245311873,1.7800719272265708,1298,9145,19,0,0,17111200,5336,42
DST-WOA-2024,DST-WOA-2024,821,1475,7680,14081,91628,0.8463242676910988,0.1536757323089012,0.9522225231150141,0.9109760767715334,0.0006444755780598953,40389.0625,1.762109375,4.293695746527773,1.4097128193224755,1726,8748,13,0,0,18337000,7680,42
TRAIL (ours),TRAIL (ours),909,1084,8570,13169,90833,0.8550196514482622,0.1449803485517378,0.9643592913061393,0.9301071931370278,0.0006434021889711775,36249.24154025671,2.018669778296383,3.346662423126219,1.2364673465183353,2243,5260,20,0,0,18168000,8570,42
