algo_tag,algo,FND,HND,LND,drop_p,total_p,pdr,timely_transfer_rate,energy_rate,energy_per_delivered,throughput_bits_per_round,avg_ch_per_round,avg_cluster_size,avg_hops_to_bs,malicious_delay,malicious_drop,blacklisted_malicious,blacklisted_normal,control_overhead_bits,rounds_run,seed
SHEER-2025,SHEER-2025,500,500,500,4583,24890,0.8445017473619923,0.9966653274407392,0.9863348395677368,0.0010976662003437823,199120.0,6.69,8.325345238095235,1.0,11,343,24,0,5470600,500,42
ACTAR-2024,ACTAR-2024,500,500,500,6476,31604,0.829936974789916,0.9947791418807745,0.9871616777974289,0.0013447370159483975,252832.0,7.922,8.916495629370628,1.9644981647892672,20,660,30,21,6985400,500,42
TFSM-DPC-FAST,TFSM-DPC-FAST,500,500,500,2566,5194,0.6693298969072164,0.8810165575664228,0.7729588653412415,0.0013240650672544552,41552.0,1.058,14.198809090909089,1.0225259915286868,86,1524,30,70,1447800,500,42
DST-WOA-2024,DST-WOA-2024,362,500,500,6146,31332,0.8360104594695554,0.9984041874122304,0.9900826383786001,0.001200956280296126,250656.0,4.938,10.236190476190506,1.9692646495595558,6,379,12,0,6912800,500,42
TRAIL (ours),TRAIL (ours),500,500,500,6162,33754,0.8456258142098406,0.998133554541684,0.9944836747589522,0.001162855598955376,270032.0,8.514,8.78013118994532,1.2550216270664218,12,178,30,0,7376600,500,42
