algo_tag,algo,FND,HND,LND,func_life_pdr85,drop_p,total_p,pdr,drop_rate,timely_transfer_rate,energy_rate,energy_per_delivered,throughput_bits_per_round,avg_ch_per_round,avg_cluster_size,avg_hops_to_bs,malicious_delay,malicious_drop,blacklisted_malicious,blacklisted_normal,false_blacklist_events,control_overhead_bits,rounds_run,seed
SHEER-2025,SHEER-2025,1339,1354,9393,300,30786,93244,0.6698339839560722,0.3301660160439278,0.8479938518684556,0.7595786758803096,0.00080008925483285,26597.679122750986,1.75524326626211,3.4171515769088425,1.0,2998,19300,29,0,0,40607400,9393,42
ACTAR-2024,ACTAR-2024,892,1003,7792,300,28647,90089,0.6820144523748737,0.3179855476251263,0.8383027896227336,0.7654095377079425,0.0008134119443512621,31541.067761806982,1.831493839835729,3.1736874302759204,1.6306109827154065,2652,22281,18,0,0,38526400,7792,42
TFSM-DPC-2024,TFSM-DPC-2024,703,1234,5066,300,29036,87476,0.6680689560565184,0.3319310439434816,0.8448665297741274,0.7586733935563681,0.0008500266825232995,46142.91354125543,2.454796683774181,5.048201934886519,1.7660677618069816,1894,21873,29,0,0,37489600,5066,42
DST-WOA-2024,DST-WOA-2024,809,1560,5710,300,30482,95021,0.6792077540754149,0.3207922459245851,0.8681727327662344,0.7818425759285773,0.0007743211211584843,45211.20840630473,1.9681260945709282,6.360925277291304,1.425045321433552,1577,20221,29,0,0,40236800,5710,42
TRAIL (ours),TRAIL (ours),796,1042,7578,888,29225,97052,0.69887276923711,0.30112723076289005,0.9003494183732142,0.8254013565786735,0.0007367593918893542,35802.058590657165,1.8081287938770123,6.238624084487111,1.1756085334748698,1935,13694,40,0,0,41597200,7578,42
