algo_tag,algo,FND,HND,LND,func_life_pdr90,drop_p,total_p,pdr,drop_rate,timely_transfer_rate,energy_rate,energy_per_delivered,throughput_bits_per_round,avg_ch_per_round,avg_cluster_size,avg_hops_to_bs,malicious_delay,malicious_drop,blacklisted_malicious,blacklisted_normal,false_blacklist_events,control_overhead_bits,rounds_run,seed
SHEER-2025,SHEER-2025,1404,1418,8215,50,30479,96525,0.6842372442372442,0.3157627557627558,0.8608848378402931,0.7739480335870121,0.0007566378923840414,32158.734023128425,1.939622641509434,3.64227458481871,1.0,2721,18838,26,0,0,19305600,8215,42
ACTAR-2024,ACTAR-2024,861,1066,5567,50,29959,94745,0.6837933400179429,0.3162066599820571,0.856990707868984,0.770172863795359,0.0007713884591169375,46550.02694449434,2.1977725884677564,4.480422193916894,1.6391349983021024,1982,23227,22,0,0,18950000,5567,42
TFSM-DPC-2024,TFSM-DPC-2024,844,1280,3604,50,28794,90827,0.6829797306968193,0.3170202693031807,0.8591394902713072,0.7767400584005633,0.0007983503488971204,68849.05660377358,2.995005549389567,7.429805314002408,1.7342865893959667,1271,21177,32,0,0,18165400,3604,42
DST-WOA-2024,DST-WOA-2024,891,1605,6822,50,28970,96972,0.7012539702182073,0.29874602978179265,0.8761801123496368,0.8018830392147154,0.0007348609304703972,39872.17824684843,1.8284960422163588,5.353232189973618,1.4289873827240376,1920,19305,23,0,0,19398600,6822,42
TRAIL (ours),TRAIL (ours),906,1086,7741,50,28819,100512,0.7132780165552371,0.28672198344476285,0.9066157086465904,0.8378468383560048,0.0006970492286582276,37045.859708048054,1.8306420359126727,6.062254492975939,1.1716625054049907,1993,13273,40,0,0,20111600,7741,42
