algo_tag,algo,FND,HND,LND,func_life_pdr85,drop_p,total_p,pdr,drop_rate,timely_transfer_rate,energy_rate,energy_per_delivered,throughput_bits_per_round,avg_ch_per_round,avg_cluster_size,avg_hops_to_bs,malicious_delay,malicious_drop,blacklisted_malicious,blacklisted_normal,false_blacklist_events,control_overhead_bits,rounds_run,seed
SHEER-2025,SHEER-2025,1311,1324,7273,300,24097,90301,0.7331480271536306,0.2668519728463694,0.8931484502446982,0.8055767445794085,0.0007549308955283806,36410.83459370273,2.029286401759934,3.544771103821703,1.0,2296,15486,21,0,0,39082000,7273,42
ACTAR-2024,ACTAR-2024,808,972,6734,300,21741,87513,0.7515683384182922,0.24843166158170782,0.8853767560664112,0.8223543354530074,0.0007597559062093498,39068.60706860707,1.9563409563409564,3.3877337698766286,1.642355409596789,2209,17038,16,0,0,37650200,6734,42
TFSM-DPC-2024,TFSM-DPC-2024,659,1133,6348,300,21038,83481,0.7479905607263928,0.2520094392736072,0.8983553000336306,0.829215721541323,0.0007965328876361459,39346.565847511025,2.118147448015123,3.917688913787178,1.782361513700495,1930,15500,24,0,0,35999800,6348,42
DST-WOA-2024,DST-WOA-2024,758,1492,5711,300,22450,91390,0.7543494911915964,0.24565050880840356,0.9086161879895561,0.8428207974597451,0.0007250610734502164,48285.764314480824,1.9716336893713886,5.767971166754217,1.404975340876124,1423,14269,19,0,0,38678600,5711,42
TRAIL (ours),TRAIL (ours),810,996,7211,979,21187,91320,0.7679916776171704,0.23200832238282965,0.9308741961701339,0.8740284733375755,0.0007125298320472952,38903.342116211345,2.000277354042435,5.096584452536713,1.2070637217857498,1892,9426,30,0,0,39435200,7211,42
