algo_tag,algo,FND,HND,LND,drop_p,total_p,pdr,timely_transfer_rate,energy_rate,energy_per_delivered,throughput_bits_per_round,avg_ch_per_round,avg_cluster_size,avg_hops_to_bs,malicious_delay,malicious_drop,blacklisted_malicious,blacklisted_normal,control_overhead_bits,rounds_run,seed
SHEER-2025,SHEER-2025,1314,1327,15813,5762,83920,0.9357507638099061,0.9972354623450905,0.9889091785499751,0.0011908968101267245,21228.103459179158,1.4987668374122558,0.8413486642997176,1.0,4289,521,10,0,17484000,15813,42
ACTAR-2024,ACTAR-2024,857,959,11746,7042,81650,0.920601632616245,0.9936558481322719,0.9861379018794739,0.0012242724277820472,27805.21028435212,1.5594244849310404,1.1534468367113522,1.6467360685854255,3210,947,10,0,17162400,11746,42
TFSM-DPC-2024,TFSM-DPC-2024,636,1178,7251,7688,73345,0.9051250725013266,0.9914786284000273,0.9778747906011247,0.0013624680543842481,40460.6261205351,2.0770928147841676,2.010942643046733,1.7423000886222646,1637,1398,10,0,15641200,7251,42
DST-WOA-2024,DST-WOA-2024,775,1445,10553,7590,82012,0.9152920693734515,0.9958176852167976,0.988393930459699,0.001218758894273965,31085.757604472663,1.522505448687577,2.3874917085189042,1.3991610983758473,2340,778,10,0,17303600,10553,42
TRAIL (ours),TRAIL (ours),936,1102,10008,6795,78966,0.9207681813411691,0.9937947977610617,0.9837740592411793,0.0012655048361297878,31561.15107913669,2.0064948041566746,1.0291993148728305,1.289580325709799,2683,952,10,0,16631800,10008,42
