algo_tag,algo,FND,HND,LND,drop_p,total_p,pdr,drop_rate,timely_transfer_rate,energy_rate,energy_per_delivered,throughput_bits_per_round,avg_ch_per_round,avg_cluster_size,avg_hops_to_bs,malicious_delay,malicious_drop,blacklisted_malicious,blacklisted_normal,false_blacklist_events,control_overhead_bits,rounds_run,seed
SHEER-2025,SHEER-2025,1380,1394,10277,14878,90888,0.8363040225332277,0.16369597746677234,0.9374555979476384,0.883688499712175,0.000657381710876256,29584.509097985792,1.7786318964678407,2.456176645027964,1.0,3057,9585,15,0,0,18177600,10277,42
ACTAR-2024,ACTAR-2024,853,1032,7361,14467,89558,0.8384622255968199,0.16153777440318007,0.9355315550465435,0.8876947571096085,0.0006655028574121613,40804.78195897296,1.9634560521668252,2.816979937751572,1.6445645949581176,2195,11004,9,0,0,17911600,7361,42
TFSM-DPC-2024,TFSM-DPC-2024,609,1158,8830,13290,83162,0.8401914335874558,0.15980856641254415,0.9415216395694985,0.8971965475025967,0.0007147598324908007,31652.095130237827,1.8941109852774631,2.7019247506318655,1.7719544309594688,2564,9383,13,0,0,16632400,8830,42
DST-WOA-2024,DST-WOA-2024,726,1384,8977,14560,93695,0.8446021666044079,0.1553978333955921,0.9594743160422063,0.9125028146167712,0.0006315943567368737,35261.22312576585,1.614570569232483,4.080709962496753,1.447311556201428,2154,8632,18,0,0,18741200,8977,42
TRAIL (ours),TRAIL (ours),910,1064,10672,12478,91186,0.863158818239642,0.13684118176035798,0.9703714997204859,0.9339574082403862,0.0006348614874498433,29500.749625187407,1.8273988005997002,2.8250335738740335,1.2074249123341974,2824,5016,20,0,0,18242800,10672,42
