algo_tag,algo,FND,HND,LND,drop_p,total_p,pdr,drop_rate,timely_transfer_rate,energy_rate,energy_per_delivered,throughput_bits_per_round,avg_ch_per_round,avg_cluster_size,avg_hops_to_bs,malicious_delay,malicious_drop,blacklisted_malicious,blacklisted_normal,false_blacklist_events,control_overhead_bits,rounds_run,seed
SHEER-2025,SHEER-2025,1334,1349,12188,3293,86651,0.9619969763764988,0.038003023623501164,0.997936610763214,0.9906281978932006,0.0005994840188156549,27357.40072202166,1.6581063340991138,2.0600985356400523,1.0,3295,394,10,0,0,17330200,12188,42
ACTAR-2024,ACTAR-2024,845,945,11469,3925,84322,0.9534522425938664,0.046547757406133594,0.994029627971193,0.9859389905621481,0.0006216060944647145,28039.759351294793,1.5568053012468392,2.18167586644568,1.6376979240518925,3063,975,10,0,0,16865000,11469,42
TFSM-DPC-2024,TFSM-DPC-2024,645,1105,10730,4094,78134,0.9476028361532751,0.05239716384672488,0.9940572663425176,0.9825564319358332,0.0006720196311378813,27601.118359739048,1.6697110904007455,2.2554160484332906,1.8410858995137764,2647,845,10,0,0,15629400,10730,42
DST-WOA-2024,DST-WOA-2024,805,1378,10121,5224,86052,0.9392925208013759,0.06070747919862407,0.993702677290048,0.98183683180022,0.0006182778327441234,31944.669499061358,1.549155221816026,3.5782712511938874,1.3921660810610184,2017,1152,10,0,0,17210400,10121,42
TRAIL (ours),TRAIL (ours),857,1099,10351,4407,85058,0.9481882950457335,0.05181170495426646,0.9932176910391688,0.9817853425171036,0.0006195909296146595,31166.457347116222,1.9736257366438026,2.0222189174808833,1.3187313238521532,2735,1041,10,0,0,17012400,10351,42
