algo_tag,algo,FND,HND,LND,drop_p,total_p,pdr,timely_transfer_rate,energy_rate,energy_per_delivered,throughput_bits_per_round,avg_ch_per_round,avg_cluster_size,avg_hops_to_bs,malicious_delay,malicious_drop,blacklisted_malicious,blacklisted_normal,control_overhead_bits,rounds_run,seed
SHEER-2025,SHEER-2025,500,500,500,6604,17686,0.7281185673116509,0.977835576161936,0.960599927599654,0.0011737668469255205,141488.0,5.63,8.14361190476191,1.0,34,724,46,0,4270000,500,42
ACTAR-2024,ACTAR-2024,500,500,500,9017,24820,0.7335165647072731,0.9876712328767123,0.9771749304500665,0.001341443176820757,198560.0,6.032,9.89463170163171,1.9206285253827557,44,1021,50,16,5881400,500,42
TFSM-DPC-FAST,TFSM-DPC-FAST,500,500,500,5153,5293,0.5067011296189929,0.7124504061968637,0.6524955511421253,0.001576153731819815,42344.0,1.05,18.255725274725275,1.0207821651237483,98,2813,50,50,1855200,500,42
DST-WOA-2024,DST-WOA-2024,325,500,500,7859,23760,0.7514469148296911,0.9945286195286195,0.9787259907692112,0.001248675951318771,190080.0,3.406,11.16598571428573,1.9268097643097644,17,717,32,0,5576600,500,42
TRAIL (ours),TRAIL (ours),500,500,500,9751,29690,0.752769960193707,0.9942404850117885,0.9924441623392071,0.001115618153167926,237520.0,6.358,11.026687539945431,1.2417985853822835,20,239,50,0,6926600,500,42
