algo_tag,algo,FND,HND,LND,func_life_pdr90,drop_p,total_p,pdr,drop_rate,timely_transfer_rate,energy_rate,energy_per_delivered,throughput_bits_per_round,avg_ch_per_round,avg_cluster_size,avg_hops_to_bs,malicious_delay,malicious_drop,blacklisted_malicious,blacklisted_normal,false_blacklist_events,control_overhead_bits,rounds_run,seed
SHEER-2025,SHEER-2025,1367,1378,8330,50,7373,89667,0.9177735398753164,0.0822264601246836,0.9733759447833378,0.9462427539293622,0.0006071676995039818,39516.92677070828,1.995438175270108,2.5526099011032968,1.0,2211,4276,7,0,0,17933400,8330,42
ACTAR-2024,ACTAR-2024,835,969,6189,50,7187,86937,0.9173309407962087,0.0826690592037913,0.9717742946708464,0.9433143235799744,0.000626613937351511,51543.06026821781,2.1643238002908385,2.914560208646488,1.649065830721003,1602,5417,5,0,0,17387400,6189,42
TFSM-DPC-2024,TFSM-DPC-2024,640,1088,4874,122,7070,80774,0.9124718349964097,0.08752816500359029,0.9729187018343645,0.941099303268935,0.0006733734153847562,60487.48461222815,2.6624948707427163,3.47777663313686,1.844079018777814,1075,5527,5,0,0,16155600,4874,42
DST-WOA-2024,DST-WOA-2024,790,1393,5662,232,8148,89187,0.9086413939251237,0.09135860607487634,0.9725440837127802,0.9412162654163454,0.000616731175858124,57251.148004238785,2.0385022960084775,5.31088837866478,1.4235861745579288,913,5376,6,0,0,17842400,5662,42
TRAIL (ours),TRAIL (ours),951,1064,8141,1037,5292,85756,0.9382900321843369,0.06170996781566307,0.9906169218532511,0.9733422545820071,0.0006210256908022686,39535.19223682594,2.227858985382631,2.4050939619945813,1.2622290713859614,2112,1696,10,0,0,17154600,8141,42
