algo_tag,algo,FND,HND,LND,drop_p,total_p,pdr,drop_rate,timely_transfer_rate,energy_rate,energy_per_delivered,throughput_bits_per_round,avg_ch_per_round,avg_cluster_size,avg_hops_to_bs,malicious_delay,malicious_drop,blacklisted_malicious,blacklisted_normal,false_blacklist_events,control_overhead_bits,rounds_run,seed
SHEER-2025,SHEER-2025,1373,1396,5881,44948,107934,0.5835603239016436,0.4164396760983564,0.767424507033309,0.6844418213558378,0.0007934206418370146,42840.33327665363,2.113926203026696,6.752869207536785,1.0,2293,28499,39,0,0,21586800,5881,42
ACTAR-2024,ACTAR-2024,961,1079,7238,39795,101572,0.6082089552238806,0.39179104477611937,0.7923013419233695,0.7037514820070717,0.0008089098671859549,34140.370268029845,1.9054987565625863,4.343630842231977,1.6038655162924713,2793,30180,25,0,0,20314400,7238,42
TFSM-DPC-2024,TFSM-DPC-2024,809,1409,6514,39762,100931,0.606047695950699,0.39395230404930104,0.7951086334581242,0.7161767370929816,0.0008170717354019266,37561.55971753147,2.0049124961621123,6.3764801637214426,1.6722195883535778,2369,27245,41,0,0,20194200,6514,42
DST-WOA-2024,DST-WOA-2024,793,1718,8976,40115,106057,0.6217599969827545,0.3782400030172455,0.8291225622516757,0.7414885885312571,0.0007579159859679729,29385.91800356506,1.5925802139037433,5.445497251931074,1.4481665706226685,2590,25055,37,0,0,21217400,8976,42
TRAIL (ours),TRAIL (ours),788,923,9382,41502,109200,0.6199450549450549,0.3800549450549451,0.8367160034269846,0.759120053011675,0.0007381502703676806,28862.929013003624,1.492432317203155,7.089822996616593,1.2475700906969187,2584,20858,50,0,0,21843600,9382,42
