algo_tag,algo,FND,HND,LND,drop_p,total_p,pdr,timely_transfer_rate,energy_rate,energy_per_delivered,throughput_bits_per_round,avg_ch_per_round,avg_cluster_size,avg_hops_to_bs,malicious_delay,malicious_drop,blacklisted_malicious,blacklisted_normal,control_overhead_bits,rounds_run,seed
SHEER-2025,SHEER-2025,500,500,500,2953,20944,0.8764280035150855,0.9901165011459129,0.9838048027699654,0.001110819262948316,167552.0,7.026,6.719964285714276,1.0,13,345,17,0,4518600,500,42
ACTAR-2024,ACTAR-2024,500,500,500,4264,34332,0.8895222302829309,0.9954270068740534,0.9943694042652244,0.0013674834531873946,274656.0,9.278,8.042636188811185,1.9850867994873587,23,362,20,32,7295800,500,42
TFSM-DPC-FAST,TFSM-DPC-FAST,500,500,500,2645,8362,0.7596983737621513,0.9134178426213825,0.8421211542800813,0.0011998704069103544,66896.0,1.042,20.618121212121213,1.017579526429084,37,1565,20,80,2093400,500,42
DST-WOA-2024,DST-WOA-2024,349,500,500,4209,33733,0.8890675241157556,0.998488127353037,0.9935872245880168,0.0011869871247844337,269864.0,4.902,10.377297619047615,1.9954347374974062,7,216,8,0,7191600,500,42
TRAIL (ours),TRAIL (ours),500,500,500,4391,36187,0.8917886539504165,0.9994196811009478,0.9956628375339598,0.0011472022850631991,289496.0,9.494,8.18796414576995,1.2939729737198442,6,129,20,0,7685600,500,42
