algo_tag,algo,FND,HND,LND,drop_p,total_p,pdr,timely_transfer_rate,energy_rate,energy_per_delivered,throughput_bits_per_round,avg_ch_per_round,avg_cluster_size,avg_hops_to_bs,malicious_delay,malicious_drop,blacklisted_malicious,blacklisted_normal,control_overhead_bits,rounds_run,seed
SHEER-2025,SHEER-2025,1330,1342,14528,18447,79207,0.811098367706392,0.9698258992260785,0.939059201992135,0.0012616686894414393,21808.09471365639,1.4766657488986785,1.5861993916509336,1.0,3964,4773,20,0,18220200,14528,42
ACTAR-2024,ACTAR-2024,821,968,10072,21044,78944,0.7895347441693004,0.9626190717470612,0.9272134775985832,0.0012660470270400507,31351.86656076251,1.5427918983320095,2.4918840732010907,1.6193250912038915,2629,5832,20,0,18511400,10072,42
TFSM-DPC-2024,TFSM-DPC-2024,682,1164,9097,21473,72229,0.7708373353823824,0.9607913718866383,0.9206776951795115,0.0013689536602726215,31759.481147631086,1.7272727272727273,2.74757453135215,1.7336942225421923,2183,5815,20,0,17243800,9097,42
DST-WOA-2024,DST-WOA-2024,785,1493,12412,20042,78527,0.7966703527478213,0.9715639206896991,0.9452838441125725,0.001272853325333902,25306.79987109249,1.38382210763777,2.736107530346977,1.3917506080711093,2828,4282,20,0,18239800,12412,42
TRAIL (ours),TRAIL (ours),853,1097,10531,21155,78762,0.788274267642143,0.9645387369543689,0.929414999301087,0.0012690166889594988,29916.247269964864,1.8380020890703637,2.0160670680904476,1.2143800309794064,2771,5515,20,0,18512000,10531,42
