algo_tag,algo,FND,HND,LND,func_life_pdr85,drop_p,total_p,pdr,drop_rate,timely_transfer_rate,energy_rate,energy_per_delivered,throughput_bits_per_round,avg_ch_per_round,avg_cluster_size,avg_hops_to_bs,malicious_delay,malicious_drop,blacklisted_malicious,blacklisted_normal,false_blacklist_events,control_overhead_bits,rounds_run,seed
SHEER-2025,SHEER-2025,1362,1383,5992,300,39808,99066,0.5981668786465588,0.4018331213534412,0.7792703094940767,0.7007898498509596,0.000843319526401738,39558.07743658211,2.132176234979973,5.919439013923326,1.0,2254,24740,38,0,0,42199000,5992,42
ACTAR-2024,ACTAR-2024,874,995,3806,300,39728,96963,0.5902767034848344,0.4097232965151656,0.7872979820040186,0.6885260866162817,0.0008732479288290812,60152.39096163952,2.6093011035207567,7.371202642747575,1.6062374421245742,1656,29581,25,0,0,40778600,3806,42
TFSM-DPC-2024,TFSM-DPC-2024,821,1252,5913,300,36807,92454,0.6018885067168538,0.3981114932831462,0.7963591927687027,0.7066843094039502,0.000897999703016393,37643.83561643836,2.1574496871300526,5.44271823953159,1.7056624795586464,2219,26778,37,0,0,39555200,5913,42
DST-WOA-2024,DST-WOA-2024,807,1732,5499,300,38222,98162,0.6106232554348934,0.3893767445651066,0.818651985318652,0.7219754536594368,0.0008298463538586249,43600.65466448445,1.9805419167121294,6.880514639025277,1.4122288955622289,1697,25879,32,0,0,41451800,5499,42
TRAIL (ours),TRAIL (ours),762,1118,6962,803,38667,103142,0.6251090729285839,0.37489092707141614,0.8495851105079488,0.7659564290300879,0.0007750717490325341,37043.952887101404,1.72421717897156,8.478445876875206,1.1365645599069407,1762,19051,50,0,0,43672200,6962,42
